<?xml version="1.0" encoding="UTF-8"?>
<project-private xmlns="http://www.netbeans.org/ns/project-private/1">
    <editor-bookmarks xmlns="http://www.netbeans.org/ns/editor-bookmarks/2" lastBookmarkId="0"/>
    <open-files xmlns="http://www.netbeans.org/ns/projectui-open-files/2">
        <group>
            <file>file:/C:/Users/Administrator/Documents/NetBeansProjects/LabQ4/src/labq4/LabQ4.java</file>
            <file>file:/C:/Users/Administrator/Documents/NetBeansProjects/LabQ4/src/labq4/ViewCar.java</file>
            <file>file:/C:/Users/Administrator/Documents/NetBeansProjects/LabQ4/src/labq4/Car.java</file>
            <file>file:/C:/Users/Administrator/Documents/NetBeansProjects/LabQ4/src/labq4/CarControler.java</file>
        </group>
    </open-files>
</project-private>
